{
    "n_estimators": 847,
    "max_depth": 8,
    "learning_rate": 0.29936305447591705,
    "subsample": 0.5251857563342304,
    "colsample_bytree": 0.862148468786166,
    "min_child_weight": 1,
    "reg_alpha": 0.0017460902072740944,
    "reg_lambda": 0.008556156185029298
}